Project Requested,scientific_name,Point of Contact for Submission,Email,Common Name,Survey Type,Kingdom,Phylum,Class,Order,Family,Genus,Specific epithet,Notes
NC_RockyIt,Anoplarchus purpurescens,OPC,,,Inventory,Animalia,Chordata,Teleostei,Perciformes,Stichaeidae,Anoplarchus,purpurescens,
NC_RockyIt,Apodichthys flavidus,OPC,,,,Animalia,Chordata,Teleostei,Perciformes,Pholidae,Apodichthys,flavidus,
NC_RockyIt,Apodichthys fucorum,OPC,,,,Animalia,Chordata,Teleostei,Perciformes,Pholidae,Apodichthys,fucorum,
NC_RockyIt,Artedius corallinus,OPC,,,,Animalia,Chordata,Teleostei,Scorpaeniformes ,Cottidae,Artedius,corallinus,
NC_RockyIt,Artedius fenestralis,OPC,,,,Animalia,Chordata,Teleostei,Scorpaeniformes ,Cottidae,Artedius,fenestralis,
NC_RockyIt,Artedius harringtoni,OPC,,,,Animalia,Chordata,Teleostei,Scorpaeniformes ,Cottidae,Artedius,harringtoni,
NC_RockyIt,Artedius lateralis,OPC,,,,Animalia,Chordata,Teleostei,Scorpaeniformes ,Cottidae,Artedius,lateralis,
NC_RockyIt,Ascelichthys rhodorus,OPC,,,,Animalia,Chordata,Teleostei,Scorpaeniformes ,Cottidae,Ascelichthys,rhodorus,
NC_RockyIt,Cebidichthys violaceus,OPC,,,,Animalia,Chordata,Teleostei,Perciformes,Stichaeidae,Cebidichthys,violaceus,
NC_RockyIt,Clinocottus acuticeps,OPC,,,,Animalia,Chordata,Teleostei,Scorpaeniformes ,Cottidae,Clinocottus,acuticeps,
NC_RockyIt,Clinocottus analis,OPC,,,,Animalia,Chordata,Teleostei,Scorpaeniformes ,Cottidae,Clinocottus,analis,
NC_RockyIt,Clinocottus embryum,OPC,,,,Animalia,Chordata,Teleostei,Scorpaeniformes ,Cottidae,Clinocottus,acuticeps,
NC_RockyIt,Clinocottus globiceps,OPC,,,,Animalia,Chordata,Teleostei,Scorpaeniformes ,Cottidae,Clinocottus,globiceps,
NC_RockyIt,Clinocottus recalvus,OPC,,,,Animalia,Chordata,Teleostei,Scorpaeniformes ,Cottidae,Clinocottus,recalvus,
NC_RockyIt,Clinocottus spp.,OPC,,,,Animalia,Chordata,Teleostei,Scorpaeniformes ,Cottidae,Clinocottus,spp.,Any Clinocottus that was unable to be identified to the species level
NC_RockyIt,Enophrys bison,OPC,,,,Animalia,Chordata,Teleostei,Scorpaeniformes ,Cottidae,Enophrys,bison,
NC_RockyIt,Gibbonsia metzi,OPC,,,,Animalia,Chordata,Teleostei,Perciformes,Clinidae,Gibbonsia,metzi,
NC_RockyIt,Gibbonsia montereyensis,OPC,,,,Animalia,Chordata,Teleostei,Perciformes,Clinidae,Gibbonsia,montereyensis,
NC_RockyIt,Gobiesox maeandricus,OPC,,,,Animalia,Chordata,Teleostei,Perciformes,Gobisocidae,Gobiesox,maeandricus,
NC_RockyIt,Hemilepidotus hemilepidotus,OPC,,,,Animalia,Chordata,Teleostei,Scorpaeniformes ,Cottidae, Hemilepidotus, hemilepidotus,
NC_RockyIt,Hemilepidotus spinosus,OPC,,,,Animalia,Chordata,Teleostei,Scorpaeniformes ,Cottidae, Hemilepidotus,spinosus,
NC_RockyIt,Hexagrammos decagrammus,OPC,,,,Animalia,Chordata,Teleostei,Scorpaeniformes ,Hexagrammidae,Hexagrammos,decagrammus,
NC_RockyIt,Hexagrammos lagocephalus,OPC,,,,Animalia,Chordata,Teleostei,Scorpaeniformes ,Hexagrammidae,Hexagrammos,lagocephalus,
NC_RockyIt,Liparis florae,OPC,,,,Animalia,Chordata,Teleostei,Scorpaeniformes ,Liparidae,Liparis,florae,
NC_RockyIt,Oligocottus maculosus,OPC,,,,Animalia,Chordata,Teleostei,Scorpaeniformes ,Cottidae,Oligocottus,maculosus,
NC_RockyIt,Oligocottus rimensis,OPC,,,,Animalia,Chordata,Teleostei,Scorpaeniformes ,Cottidae,Oligocottus,rimensis,
NC_RockyIt,Oligocottus rubellio,OPC,,,,Animalia,Chordata,Teleostei,Scorpaeniformes ,Cottidae,Oligocottus,rubellio,
NC_RockyIt,Oligocottus snyderi,OPC,,,,Animalia,Chordata,Teleostei,Scorpaeniformes ,Cottidae,Oligocottus,snyderi,
NC_RockyIt,Oligocottus spp.,OPC,,,,Animalia,Chordata,Teleostei,Scorpaeniformes ,Cottidae,Oligocottus,spp.,Any Oligoocottus that was unable to be identified to the species level
NC_RockyIt,Phytichthys chirus,OPC,,,,Animalia,Chordata,Teleostei,Perciformes,Stichaeidae,Phytichthys,chirus,
NC_RockyIt,Scorpaenichthys marmoratus,OPC,,,,Animalia,Chordata,Teleostei,Scorpaeniformes ,Cottidae,Scorpaenichthys,marmoratus,
NC_RockyIt,Sebastes carnatus,OPC,,,,Animalia,Chordata,Teleostei,Scorpaeniformes ,Scorpaenidae,Sebastes,carnatus,
NC_RockyIt,Sebastes melanops,OPC,,,,Animalia,Chordata,Teleostei,Scorpaeniformes ,Scorpaenidae,Sebastes,melanops,
NC_RockyIt,Sebastes miniatus,OPC,,,,Animalia,Chordata,Teleostei,Scorpaeniformes ,Scorpaenidae,Sebastes,miniatus,
NC_RockyIt,Unknown Stichaeid,OPC,,,,Animalia,Chordata,Teleostei,Perciformes,Stichaeidae,,,Any Stichaeid that was unable to be identified to the genus level
NC_RockyIt,Xiphister atropurpureus,OPC,,,,Animalia,Chordata,Teleostei,Perciformes,Stichaeidae,Xiphister,atropurpureus,
NC_RockyIt,Xiphister mucosus,OPC,,,,Animalia,Chordata,Teleostei,Perciformes,Stichaeidae,Xiphister,mucosus,
SC_Rocky_It,pisaster,OPC,,,,,,,,,,,
SC_Rocky_It,chthamalus/balanus,,,,,,,,,,,,
SC_Rocky_It,mytilus,,,,,,,,,,,,
SC_Rocky_It,rock,,,,,,,,,,,,
SC_Rocky_It,pollicipes,,,,,,,,,,,,
SC_Rocky_It,silvetia,,,,,,,,,,,,
SC_Rocky_It,endocladia,,,,,,,,,,,,
SCMPA Beach,Macrocystis pyrifera,,,Giant Kelp,,Plantae,Phaeophyta,Phaeophyceae,Laminariales,Lessoniaceae,Macrocystis,pyrifera,
SCMPA Beach,Egregia menziesii,,,Feather Boa Kelp,,Plantae,Phaeophyta,Phaeophyceae,Laminariales,Alariaceae,Egregia,menziesii,
SCMPA Beach,Phyllospadix torreyi,,,Surfgrass,,Plantae,Magnoliophyta,Liliopsida,Najadales,Zosteraceae,Phyllospadix,torreyi,
SCMPA Beach,Zostera marina,,,Eel grass,,Plantae,Magnoliophyta,Liliopsida,Najadales,Zosteraceae,Zostera,marina,
SC_Beach,Akephorus marinus,,,,,Animalia,Arthropoda,Insecta,Coleoptera,Carabidae,Akephorus,marinus,
SC_Beach,Aleochara sulcicollis,,,,,Animalia,Arthropoda,Insecta,Coleoptera,Staphylinidae,Aleochara,sulcicollis,
SC_Beach,Alloniscus perconvexus,,,,,Animalia,Arthropoda,Malacostracans,Isopoda,Alloniscidae,Alloniscus,perconvexus,
SC_Beach,Amastigos acutus,,,,,Animalia,Annelida,Polychaeta,,Capitellidae,Amastigos,acutus,
SC_Beach,Amblyderus ,,,,,Animalia,Arthropoda,Insecta,Coleoptera,Anthicidae,Amblyderus,,
SC_Beach,Americhelidium ,,,,,Animalia,Arthropoda,Malacostracans,Amphipoda,Oedicerotidae,Americhelidium,,
SC_Beach,Arabella iricolor,,,,,Animalia,Annelida,Polychaeta,Eunicida,Oenonidae,Arabella,iricolor,
SC_Beach,Archaeomysis grebnitzkii,,,,,Animalia,Arthropoda,Malacostracans,Mysida,Mysidacea,Archaeomysis,grebnitzkii,
SC_Beach,Archaeomysis maculata,,,,,Animalia,Arthropoda,Malacostracans,Mysida,Mysidacea,Archaeomysis,maculata,
SC_Beach,Archaeomysis ,,,,,Animalia,Arthropoda,Malacostracans,Mysida,Mysidacea,Archaeomysis,,
SC_Beach,Arenicola ,,,,,Animalia,Annelida,Polychaeta,,Arenicolidae,Arenicola,,
SC_Beach,Armadillidium vulgare,,,,,Animalia,Arthropoda,Malacostracans,Isopoda,Armadillidiidae,Armadillidium,vulgare,
SC_Beach,Bledius fenyesi,,,,,Animalia,Arthropoda,Insecta,Coleoptera,Staphylinidae,Bledius,fenyesi,
SC_Beach,Bledius ornatus,,,,,Animalia,Arthropoda,Insecta,Coleoptera,Staphylinidae,Bledius,ornatus,
SC_Beach,Blepharipoda occidentalis,,,,,Animalia,Arthropoda,Malacostracans,Decapoda,Blepharipodidae,Blepharipoda,occidentalis,
SC_Beach,Cafius canescens,,,,,Animalia,Arthropoda,Insecta,Coleoptera,Staphylinidae,Cafius,canescens,
SC_Beach,Cafius decipiens,,,,,Animalia,Arthropoda,Insecta,Coleoptera,Staphylinidae,Cafius,decipiens,
SC_Beach,Cafius lithocharinus,,,,,Animalia,Arthropoda,Insecta,Coleoptera,Staphylinidae,Cafius,lithocharinus,
SC_Beach,Cafius luteipennis,,,,,Animalia,Arthropoda,Insecta,Coleoptera,Staphylinidae,Cafius,luteipennis,
SC_Beach,Cafius seminitens,,,,,Animalia,Arthropoda,Insecta,Coleoptera,Staphylinidae,Cafius,seminitens,
SC_Beach,Cafius sulcicollis,,,,,Animalia,Arthropoda,Insecta,Coleoptera,Staphylinidae,Cafius,sulcicollis,
SC_Beach,Cafius ,,,,,Animalia,Arthropoda,Insecta,Coleoptera,Staphylinidae,Cafius,,
SC_Beach,Callianax biplicata,,,,,Animalia,Mollusca,Gastropoda,Neogastropoda,Olivellidae,Callianax,biplicata,
SC_Beach,Cercyon fimbriatus,,,,,Animalia,Arthropoda,Insecta,Coleoptera,Hydrophilidae,Cercyon,fimbriatus,
SC_Beach,Cirriformia ,,,,,Animalia,Annelida,Polychaeta,Terebellida,Cirratulidae,Cirriformia,,
SC_Beach,Coelopa vanduzeei,,,,,Animalia,Arthropoda,Insecta,Diptera,Coelopidae,Coelopa,vanduzeei,
SC_Beach,Coelus ciliatus,,,,,Animalia,Arthropoda,Insecta,Coleoptera,Tenebrionidae,Coelus,ciliatus,
SC_Beach,Coelus globosus,,,,,Animalia,Arthropoda,Insecta,Coleoptera,Tenebrionidae,Coelus,globosus,
SC_Beach,Coelus ,,,,,Animalia,Arthropoda,Insecta,Coleoptera,Tenebrionidae,Coelus,,
SC_Beach,Dispio uncinata,,,,,Animalia,Annelida,Polychaeta,Spionida,Spionidae,Dispio,uncinata,
SC_Beach,Donax gouldii,,,,,Animalia,Mollusca,Bivalvia,Veneroida,Donacidae,Donax,gouldii,
SC_Beach,Elassoptes marinus,,,,,Animalia,Arthropoda,Insecta,Coleoptera,Curculionidae,Elassoptes,marinus,
SC_Beach,Emerita analoga,,,,,Animalia,Arthropoda,Malacostracans,Decapoda,Hippidae,Emerita,analoga,
SC_Beach,Emphyastes fucicola,,,,,Animalia,Arthropoda,Insecta,Coleoptera,Curculionidae,Emphyastes,fucicola,
SC_Beach,Eohaustorius sawyeri,,,,,Animalia,Arthropoda,Malacostracans,Amphipoda,Haustoriidae,Eohaustorius,sawyeri,
SC_Beach,Eohaustorius washingtonianus,,,,,Animalia,Arthropoda,Malacostracans,Amphipoda,Haustoriidae,Eohaustorius,washingtonianus,
SC_Beach,Epantius obscurus,,,,,Animalia,Arthropoda,Insecta,Coleoptera,Tenebrionidae,Epantius,obscurus,
SC_Beach,Eteone dilatae,,,,,Animalia,Annelida,Polychaeta,Phyllodocida,Phyllodocidae,Eteone,dilatae,
SC_Beach,Euspilotus scissus,,,,,Animalia,Arthropoda,Insecta,Coleoptera,Histeridae,Euspilotus,scissus,
SC_Beach,Excirolana chiltoni,,,,,Animalia,Arthropoda,Malacostracans,Isopoda,Cirolanidae,Excirolana,chiltoni,
SC_Beach,Excirolana linquifrons,,,,,Animalia,Arthropoda,Malacostracans,Isopoda,Cirolanidae,Excirolana,linquifrons,
SC_Beach,Excirolana ,,,,,Animalia,Arthropoda,Malacostracans,Isopoda,Cirolanidae,Excirolana,,
SC_Beach,Fucellia ,,,,,Animalia,Arthropoda,Insecta,Diptera,Anthomyiidae,Fucellia,,
SC_Beach,Garypus californicus,,,,,Animalia,Arthropoda,Arachnida,Pseudoscorpionida,Garypidae,Garypus,californicus,
SC_Beach,Gibberosus devaneyi,,,,,Animalia,Arthropoda,Malacostracans,Amphipoda,Megaluropidae,Gibberosus,devaneyi,
SC_Beach,Gibberosus myersi,,,,,Animalia,Arthropoda,Malacostracans,Amphipoda,Megaluropidae,Gibberosus,myersi,
SC_Beach,Glycera macrobranchia,,,,,Animalia,Annelida,Polychaeta,Phyllodocida,Glyceridae,Glycera,macrobranchia,
SC_Beach,Gnorimosphaeroma noblei,,,,,Animalia,Arthropoda,Malacostracans,Isopoda,Sphaeromatidae,Gnorimosphaeroma,noblei,
SC_Beach,Hadrotes crassus,,,,,Animalia,Arthropoda,Insecta,Coleoptera,Staphylinidae,Hadrotes,crassus,
SC_Beach,Hemipodia simplex,,,,,Animalia,Annelida,Polychaeta,Phyllodocida,Glyceridae,Hemipodia,simplex,
SC_Beach,Hypocaccus bigemmeus,,,,,Animalia,Arthropoda,Insecta,Coleoptera,Histeridae,Hypocaccus,bigemmeus,
SC_Beach,Hypocaccus gaudens,,,,,Animalia,Arthropoda,Insecta,Coleoptera,Histeridae,Hypocaccus,gaudens,
SC_Beach,Lepidopa californica,,,,,Animalia,Arthropoda,Malacostracans,Decapoda,Albuneidae,Lepidopa,californica,
SC_Beach,Leuresthes tenuis,,,,,Animalia,Chordata,Actinopterygii,Atheriniformes,Atherinopsidae,Leuresthes,tenuis,
SC_Beach,Mandibulophoxus gilesi,,,,,Animalia,Arthropoda,Malacostracans,Amphipoda,Talitridae,Mandibulophoxus,gilesi,
SC_Beach,Megalorchestia benedicti,,,,,Animalia,Arthropoda,Malacostracans,Amphipoda,Talitridae,Megalorchestia,benedicti,
SC_Beach,Megalorchestia californiana,,,,,Animalia,Arthropoda,Malacostracans,Amphipoda,Talitridae,Megalorchestia,californiana,
SC_Beach,Megalorchestia columbiana,,,,,Animalia,Arthropoda,Malacostracans,Amphipoda,Talitridae,Megalorchestia,columbiana,
SC_Beach,Megalorchestia corniculata,,,,,Animalia,Arthropoda,Malacostracans,Amphipoda,Talitridae,Megalorchestia,corniculata,
SC_Beach,Megalorchestia minor,,,,,Animalia,Arthropoda,Malacostracans,Amphipoda,Talitridae,Megalorchestia,minor,
SC_Beach,Megalorchestia ,,,,,Animalia,Arthropoda,Malacostracans,Amphipoda,Talitridae,Megalorchestia,,
SC_Beach,Mysella pedroana,,,,,Animalia,Mollusca,Bivalvia,Veneroida,Montacutidae,Mysella,pedroana,
SC_Beach,Neomolgus littoralis,,,,,Animalia,Arthropoda,Arachnida,Trombidiformes,Bdellidae,Neomolgus,littoralis,
SC_Beach,Neopachylopus aeneipunctatus,,,,,Animalia,Arthropoda,Insecta,Coleoptera,Histeridae,Neopachylopus,aeneipunctatus,
SC_Beach,Neopachylopus sulcifrons,,,,,Animalia,Arthropoda,Insecta,Coleoptera,Histeridae,Neopachylopus,sulcifrons,
SC_Beach,Neopachylopus ,,,,,Animalia,Arthropoda,Insecta,Coleoptera,Histeridae,Neopachylopus,,
SC_Beach,Nephtys caecoides,,,,,Animalia,Annelida,Polychaeta,Phyllodocida,Nephtyidae,Nephtys,caecoides,
SC_Beach,Nephtys californiensis,,,,,Animalia,Annelida,Polychaeta,Phyllodocida,Nephtyidae,Nephtys,californiensis,
SC_Beach,Nephtys ,,,,,Animalia,Annelida,Polychaeta,Phyllodocida,Nephtyidae,Nephtys,,
SC_Beach,Notomastus species D,,,,,Animalia,Annelida,Polychaeta,,Capitellidae,Notomastus,species D,
SC_Beach,Notomastus ,,,,,Animalia,Annelida,Polychaeta,,Capitellidae,Notomastus,,
SC_Beach,Orbinia johnsoni,,,,,Animalia,Annelida,Polychaeta,,Orbiniidae,Orbinia,johnsoni,
SC_Beach,Paranemertes californica,,,,,Animalia,Nemertea,Enopla,Monostilifera,Emplectonematidae,Paranemertes,californica,
SC_Beach,Paranemertes peregrina,,,,,Animalia,Nemertea,Enopla,Monostilifera,Emplectonematidae,Paranemertes,peregrina,
SC_Beach,Paraonella platybranchia,,,,,Animalia,Annelida,Polychaeta,Scolecida,Paraonidae,Paraonella,platybranchia,
SC_Beach,Paraphoxus ,,,,,Animalia,Arthropoda,Malacostracans,Amphipoda,Phoxocephalidae,Paraphoxus,,
SC_Beach,Phaleria rotunda,,,,,Animalia,Arthropoda,Insecta,Coleoptera,Tenebrionidae,Phaleria,rotunda,
SC_Beach,Phycocotes testaceus,,,,,Animalia,Arthropoda,Insecta,Coleoptera,Curculionidae,Phycocotes,testaceus,
SC_Beach,Phyconomus marinus,,,,,Animalia,Arthropoda,Insecta,Coleoptera,Monotomidae,Phyconomus,marinus,
SC_Beach,Pontamalota opaca,,,,,Animalia,Arthropoda,Insecta,Coleoptera,Staphylinidae,Pontamalota,opaca,
SC_Beach,Scolelepis bullibranchia,,,,,Animalia,Annelida,Polychaeta,Spionida,Spionidae,Scolelepis,bullibranchia,
SC_Beach,Scolelepis squamata,,,,,Animalia,Annelida,Polychaeta,Spionida,Spionidae,Scolelepis,squamata,
SC_Beach,Scoletoma zonata,,,,,Animalia,Annelida,Polychaeta,Eunicida,Lumbrineridae,Scoletoma,zonata,
SC_Beach,Scoloplos armiger,,,,,Animalia,Annelida,Polychaeta,,Orbiniidae,Scoloplos,armiger,
SC_Beach,Sitona ,,,,,Animalia,Arthropoda,Insecta,Coleoptera,Curculionidae,Sitona,,
SC_Beach,Tarphiotia fucicola,,,,,Animalia,Arthropoda,Insecta,Coleoptera,Staphylinidae,Tarphiotia,fucicola,
SC_Beach,Tarphiotia geniculata,,,,,Animalia,Arthropoda,Insecta,Coleoptera,Staphylinidae,Tarphiotia,geniculata,
SC_Beach,Tenebrionidae ,,,,,Animalia,Arthropoda,Insecta,Coleoptera,Tenebrionidae,Tenebrionidae,,
SC_Beach,Thinopinus pictus,,,,,Animalia,Arthropoda,Insecta,Coleoptera,Staphylinidae,Thinopinus,pictus,
SC_Beach,Thoracochaeta johnsoni,,,,,Animalia,Arthropoda,Insecta,Diptera,Sphaeroceridae,Thoracochaeta,johnsoni,
SC_Beach,Thoracophelia dillonensis,,,,,Animalia,Annelida,Polychaeta,,Opheliidae,Thoracophelia,dillonensis,
SC_Beach,Thoracophelia mucronata,,,,,Animalia,Annelida,Polychaeta,,Opheliidae,Thoracophelia,mucronata,
SC_Beach,Tivela stultorum,,,,,Animalia,Mollusca,Bivalvia,Veneroida,Veneridae,Tivela,stultorum,
SC_Beach,Tylos punctatus,,,,,Animalia,Arthropoda,Malacostracans,Isopoda,Tylidae,Tylos,punctatus,
SC_Beach, unknown species A,,,,,Animalia,Nemertea,,,,,unknown species A,
SC_Beach, unknown species H,,,,,Animalia,Arthropoda,Insecta,Coleoptera,Curculionidae,,unknown species H,
SC_Beach,Capitellidae,,,,,Animalia,Annelida,Polychaeta,,Capitellidae,,,
SC_Beach,Dolichopodidae,,,,,Animalia,Arthropoda,Insecta,Diptera,Dolichopodidae,,,
SC_Beach,Empididae,,,,,Animalia,Arthropoda,Insecta,Diptera,Empididae,,,
SC_Beach,Histeridae,,,,,Animalia,Arthropoda,Insecta,Coleoptera,Histeridae,,,
SC_Beach,Spionidae,,,,,Animalia,Annelida,Polychaeta,Spionida,Spionidae,,,
SC_Beach,Staphylinidae,,,,,Animalia,Arthropoda,Insecta,Coleoptera,Staphylinidae,,,
SC_Beach,Diptera,,,,,Animalia,Arthropoda,Insecta,Diptera,,,,
SC_Beach,Formicidae,,,,,Animalia,Arthropoda,Insecta,Hymenoptera,Formicidae,,,
SC_Beach,Coccinellidae,,,,,Animalia,Arthropoda,Insecta,Coleoptera,Coccinellidae,,,
SC_Beach,Thoracophelia ,,,,,Animalia,Annelida,Polychaeta,,Opheliidae,Thoracophelia,,
SC_Beach,Fucellia costalis,,,,,Animalia,Arthropoda,Insecta,Diptera,Anthomyiidae,Fucellia,costalis,
SC_Beach,Hemipodia ,,,,,Animalia,Annelida,Polychaeta,Phyllodocida,Glyceridae,Hemipodia,,
SC_Beach,Ephydridae,,,,,Animalia,Arthropoda,Insecta,Diptera,Ephydridae,,,
SC_Beach,Coleoptera,,,,,Animalia,Arthropoda,Insecta,Coleoptera,,,,
NC_SBeach,Emerita analoga,,,,,,,,,,,,
NC_RockyIt,acanthinucella spp,,,,,Animalia,Mollusca,Gastropoda,Neogastropoda,Muricidae,acanthinucella,spp,
NC_RockyIt,Alaria marginata,,,,,Plantae,Heterokontophyta,Phaeophyceae,Laminariales,Alariaceae,alaria,marginata,
NC_RockyIt,alia spp,,,,,Animalia,Mollusca,Gastropoda,Neogastropoda,Columbellidae,alia,spp,
NC_RockyIt,amphissa spp,,,,,Animalia,Mollusca,Gastropoda,Neogastropoda,Columbellidae,amphissa,spp,"changed description from amphissa versicolor to amphissa spp. starting SP10, changed six letter code from AMPVER to AMPSPP in FA11 to match class table"
NC_RockyIt,Analipus japonicus,,,,,Plantae,Heterokontophyta,Phaeophyceae,Ectocarpales,Chordariaceae,analipus,japonicus,
NC_RockyIt,Anthopleura elegantissima,,,,,Animalia,Cnidaria,Anthozoa,Actinaria,Actiniidae,anthopleura,elegantissima,
NC_RockyIt,aplysia californica,,,,,Animalia,Mollusca,Gastropoda,Anaspidea,Aplysiidae,aplysia,californica,
NC_RockyIt,Articulated corallines,,,,,Plantae,Rhodophyta,Rhodophyceae,Corallinales,Corallinaceae,,,
NC_RockyIt,asterina miniata,,,,,,Animalia,Echinodermata,Asteroidea,Asterinidae,asterina,miniata,
NC_RockyIt,bittium spp,,,,,Animalia,Mollusca,Gastropoda,Neotaenioglossa,Cerithiidae,bittium,spp,"changed code from BITESC to BITSPP starting FA11, changed description from bittium eschrictii to bittium spp (species not always reliably identified to species)"
NC_RockyIt,calliostoma ligatum,,,,,,Animalia,Mollusca,Gastropoda,Calliostomatidae,calliostoma,ligatum,"added Aug, 2012 based on SSSC data"
NC_RockyIt,calliostoma spp,,,,,Animalia,Mollusca,Gastropoda,Archaeogastropoda,Calliostomatidae,calliostoma,spp,
NC_RockyIt,Callithamnion pikeanum,,,,,Plantae,Rhodophyta,Rhodophyceae,Ceramiales,Ceramiaceae,callithamnion,pikeanum,
NC_RockyIt,ceratostoma nuttalli,,,,,Animalia,Mollusca,Gastropoda,Neogastropoda,Muricidae,ceratostoma,nuttalli,
NC_RockyIt,chitons,,,,,Animalia,Mollusca,Polyplacophora,,,,,
NC_RockyIt,Cladophora columbiana,,,,,Plantae,Chlorophyta,Chlorophyceae,Cladophorales,Cladophoraceae,cladophora,columbiana,
NC_RockyIt,Cobble,,,,,.,.,.,.,.,.,.,
NC_RockyIt,conus californicus,,,,,Animalia,Mollusca,Gastropoda,Neogastropoda,Conidae,conus,californicus,
NC_RockyIt,crepidula spp,,,,,Animalia,Mollusca,Gastropoda,Neotaenioglossa,Calyptraeidae,crepidula,spp,
NC_RockyIt,Crustose corallines,,,,,Plantae,Rhodophyta,Rhodophyceae,Corallinales,Corallinaceae,,,
NC_RockyIt,dermasterias imbricata,,,,,Animalia,Echinodermata,Asteroidea,Spinulosida,Poraniidae,dermasterias,imbricata,
NC_RockyIt,Egregia menziesii,,,,,Plantae,Heterokontophyta,Phaeophyceae,Laminariales,Alariaceae,egregia,menziesii,
NC_RockyIt,epitonium tinctum,,,,,Animalia,Mollusca,Gastropoda,Neotaenioglossa,Epitoniidae,epitonium,tinctum,
NC_RockyIt,evasterias troschelii,,,,,Animalia,Echinodermata,Asteroidea,,,evasterias,troschelii,"added Aug, 2012 based on SSSC data"
NC_RockyIt,fissurella volcano,,,,,Animalia,Mollusca,Gastropoda,Archaeogastropoda,Fissurellidae,fissurella,volcano,
NC_RockyIt,flatworm,,,,,Animalia,Platyhelminthes,,,,,,
NC_RockyIt,Gelidium coulteri,,,,,,Plantae,Rhodophyta,Florideophyceae,Gelidiaceae,gelidium,coulteri,
NC_RockyIt,Haliotis,,,,,Animalia,Mollusca,Gastropoda,Archaeogastropoda,Haliotididae,haliotis,,
NC_RockyIt,haliotis cracherodii,,,,,Animalia,Mollusca,Gastropoda,Archaeogastropoda,Haliotididae,haliotis,cracherodii,
NC_RockyIt,haliotis rufescens,,,,,Animalia,Mollusca,Gastropoda,Archaeogastropoda,Haliotididae,haliotis,rufescens,
NC_RockyIt,hemigrapsus nudus,,,,,Animalia,Anthropoda,Malacostraca,Decapoda,Varunidae,hemigrapsus,nudus,
NC_RockyIt,hemigrapsus oregonensis,,,,,Animalia,Anthropoda,Malacostraca,Decapoda,Varunidae,hemigrapsus,oregonensis,"added Oct, 2011 based on OCNMS data"
NC_RockyIt,henricia spp,,,,,Animalia,Echinodermata,Asteroidea,Spinulosida,Echinasteridae,henricia,spp,
NC_RockyIt,hermit crabs,,,,,Animalia,Arthropoda,Malacostraca,Decapoda,,,,
NC_RockyIt,homalopoma spp,,,,,Animalia,Mollusca,Gastropoda,Archaeogastropoda,Trubinidae,homalopoma,spp,
NC_RockyIt,idotea spp,,,,,Animalia,Anthropoda,Malacostraca,Isopoda,Idoteidae,idotea,spp,UCSC/PISCO/RNSP started counting in 2008
NC_RockyIt,juvenile unidentified brittlestar,,,,,Animalia,Echinodermata,Ophiuroidea,,,,,
NC_RockyIt,katharina tunicata,,,,,Animalia,Mollusca,Polyplacophora,Neoloricata,Mopaliidae,katharina,tunicata,"seen in PBNERR Plots, added to motile_counts in Feb, 2012"
NC_RockyIt,kelletia kelletii,,,,,Animalia,Mollusca,Gastropoda,Neogastropoda,Buccinidae,kelletia,kelletii,
NC_RockyIt,lacuna spp,,,,,,Animalia,Mollusca,Gastropoda,Littorinidae,lacuna,spp,"added Aug, 2012 based on SSSC data"
NC_RockyIt,lepidochitona dentiens,,,,,Animalia,Mollusca,Polyplacophora,Neoloricata,Lepidochitonidae,lepidochitona,dentiens,
NC_RockyIt,lepidochitona spp,,,,,Animalia,Mollusca,Polyplacophora,Neoloricata,Lepidochitonidae,lepidochitona,spp,
NC_RockyIt,lepidozona spp,,,,,Animalia,Mollusca,Polyplacophora,Neoloricata,Ischnochitonidae,lepidozona,spp,
NC_RockyIt,leptasterias spp,,,,,Animalia,Echinodermata,Asteroidea,Forcipulatida,Asteriidae,leptasterias,spp,
NC_RockyIt,limpets 5-15 mm in size on all substrate,,,,,Animalia,Mollusca,,,,,,"these values are copied from limpet_litt, and are used for all groups from now on - combined medium limpets on rock/mussel as of 10/2/09 and removed LMDROC, LMDMUS categories. LMDALL previously only used for CINP from 4/30/09 on."
NC_RockyIt,limpets under 5 mm in size on all substrate,,,,,Animalia,Mollusca,,,,,,"these values are copied from limpet_litt, and are used for all groups from now on - combined small limpets on rock/mussel as of 10/2/09 and removed LSMROC, LSMMUS categories. LSMALL previously only used for CINP from 4/30/09 on."
NC_RockyIt,limpets unsized on all substrate,,,,,Animalia,Mollusca,,,,,,"used by CINP from FA99 to SP02, also used by PISCO for FA99 (before size categories used)"
NC_RockyIt,lirabuccinum dirum,,,,,Animalia,Mollusca,Gastropoda,Neogastropoda,Buccinidae,Lirabuccinum,dirum,"added 05/09 b/c of high abundance in WA, formerly named Searlesia dira"
NC_RockyIt,littorina spp,,,,,Animalia,Mollusca,Gastropoda,Neotaenioglossa,Littorinidae,littorina,spp,these values are copied from limpet_litt
NC_RockyIt,lottia gigantea,,,,,Animalia,Mollusca,Gastropoda,Patellogastropoda,Lottiidae,lottia,gigantea,
NC_RockyIt,macron lividus,,,,,Animalia,Mollusca,Gastropoda,Neogastropoda,Pseudolividae,macron,lividus,
NC_RockyIt,Mastocarpus papillatus,,,,,Plantae,Rhodophyta,Rhodophyceae,Gigartinales,Petrocelidaceae,mastocarpus,papillatus,
NC_RockyIt,Microcladia borealis,,,,,,Plantae,Rhodophyta,Florideophyceae,Ceramiaceae,microcladia,borealis,
NC_RockyIt,mopalia spp,,,,,Animalia,Mollusca,Polyplacophora,Neoloricata,Mopaliidae,mopalia,spp,
NC_RockyIt,mytilus californianus,,,,,Animalia,Mollusca,Bivalvia,Mytiloida,Mytilidae,mytilus,californianus,
NC_RockyIt,Neorhodomela larix,,,,,Plantae,Rhodophyta,Rhodophyceae,Ceramiales,Rhodomelaceae,neorhodomela,larix,
NC_RockyIt,Non-coralline crusts,,,,,Plantae,,,,,,,
NC_RockyIt,norrisia norrisi,,,,,Animalia,Mollusca,Gastropoda,Archaeogastropoda,Trochidae,norrisia,norrisi,
NC_RockyIt,nucella emarginata/ostrina,,,,,Animalia,Mollusca,Gastropoda,Neogastropoda,Muricidae,nucella,emarginata,"changed to slashed category since overlap occurs in sampling region. WA is only n. ostrina, but still included in this lumped category"
NC_RockyIt,nucella lamellosa,,,,,Animalia,Mollusca,Gastropoda,Neogastropoda,Muricidae,nucella,lamellosa,
NC_RockyIt,nucella spp,,,,,Animalia,Mollusca,Gastropoda,Neogastropoda,Muricidae,nucella,spp,
NC_RockyIt,nuttallina spp,,,,,Animalia,Mollusca,Polyplacophora,Neoloricata,Ischnochitonidae,nuttallina,spp,
NC_RockyIt,ocenebra circumtexta,,,,,Animalia,Mollusca,Gastropoda,Neogastropoda,Muricidae,ocenebra,circumtexta,
NC_RockyIt,ocenebra poulsoni,,,,,Animalia,Mollusca,Gastropoda,Neogastropoda,Muricidae,ocenebra,poulsoni,
NC_RockyIt,ocenebra spp,,,,,Animalia,Mollusca,Gastropoda,Neogastropoda,Muricidae,ocenebra,spp,"use for other species of ocenebra and/or those not identified to species, NOT as a sum of all species of ocenebra (added 10/2008)"
NC_RockyIt,onchidella borealis,,,,,Animalia,Mollusca,Gastropoda,Systellommatophora,Onchidiidae,onchidella,borealis,
NC_RockyIt,onchidoris bilamellata,,,,,Animalia,Mollusca,Gastropoda,Systellommatophora  ,Onchidorididae,onchidoris,bilamellata,"added Aug, 2012 based on SSSC data"
NC_RockyIt,opalia spp.,,,,,Animalia,Mollusca,Gastropoda,Neotaenioglossa,Epitoniidae,opalia,spp,
NC_RockyIt,Other green algae,,,,,Plantae,Heterokontophyta,,,,,,
NC_RockyIt,Other red algae,,,,,Plantae,Rhodophyta,,,,,,
NC_RockyIt,Other substrate,,,,,,,,,,,,
NC_RockyIt,pachycheles spp,,,,,Animalia,Arthropoda,Malacostraca,Decapoda,Porcellanidae,pachycheles,spp,
NC_RockyIt,pachygrapsus crassipes,,,,,Animalia,Arthropoda,Malacostraca,Decapoda,Grapsidae,pachygrapsus,crassipes,
NC_RockyIt,pachygrapsus crassipes and hemigrapsus nudus recruits,,,,,Animalia,Arthropoda,Malacostraca,Decapoda,,,,
NC_RockyIt,pagurus beringanus,,,,,Animalia,Arthropoda,Malacostraca,Decapoda,Paguridae,pagurus,beringanus,"Depending on the experience of the sampler (and the number of Pagurus in the plot), either a). all Pagurus species are identified, or b). only the 1st 10 hermit crabs encountered are identified to species, then percentages are assigned to the total number counted based on the ratios of these 1st 10. All calculations should be done on the field datasheet with totals only entered into the spreadsheet"
NC_RockyIt,pagurus granosimanus,,,,,Animalia,Arthropoda,Malacostraca,Decapoda,Paguridae,pagurus,granosimanus,"Depending on the experience of the sampler (and the number of Pagurus in the plot), either a). all Pagurus species are identified, or b). only the 1st 10 hermit crabs encountered are identified to species, then percentages are assigned to the total number counted based on the ratios of these 1st 10. All calculations should be done on the field datasheet with totals only entered into the spreadsheet"
NC_RockyIt,pagurus hirsutiusculus,,,,,Animalia,Arthropoda,Malacostraca,Decapoda,Paguridae,pagurus,hirsutiusculus,"Depending on the experience of the sampler (and the number of Pagurus in the plot), either a). all Pagurus species are identified, or b). only the 1st 10 hermit crabs encountered are identified to species, then percentages are assigned to the total number counted based on the ratios of these 1st 10. All calculations should be done on the field datasheet with totals only entered into the spreadsheet"
NC_RockyIt,pagurus samuelis,,,,,Animalia,Arthropoda,Malacostraca,Decapoda,Paguridae,pagurus,samuelis,"Depending on the experience of the sampler (and the number of Pagurus in the plot), either a). all Pagurus species are identified, or b). only the 1st 10 hermit crabs encountered are identified to species, then percentages are assigned to the total number counted based on the ratios of these 1st 10. All calculations should be done on the field datasheet with totals only entered into the spreadsheet"
NC_RockyIt,pagurus spp,,,,,Animalia,Arthropoda,Malacostraca,Decapoda,Paguridae,pagurus,spp,"use for pagurus not identified to species, NOT as a sum of all species"
NC_RockyIt,Pelvetiopsis limitata,,,,,Plantae,Heterokontophyta,Phaeophyceae,Fucales,Fucaceae,pelvetiopsis,limitata,
NC_RockyIt,petrolisthes spp,,,,,Animalia,Arthropoda,Malacostraca,Decapoda,Porcellanidae,petrolisthes,spp,
NC_RockyIt,phyllospadix scouleri/torreyi overstory,,,,,Plantae,Magnoliophyta,Liliopsida,Najadales,Zosteraceae,phyllospadix,spp,
NC_RockyIt,pisaster brevispinus,,,,,Animalia,Echinodermata,Asteroidea,Forcipulatida,Asteriidae,pisaster,brevispinus,
NC_RockyIt,pisaster giganteus,,,,,Animalia,Echinodermata,Asteroidea,Forcipulatida,Asteriidae,pisaster,giganteus,
NC_RockyIt,pisaster ochraceus,,,,,Animalia,Echinodermata,Asteroidea,Forcipulatida,Asteriidae,pisaster,ochraceus,
NC_RockyIt,postelsia palmaeformis,,,,,Plantae,Heterokontophyta,Phaeophyceae,Laminariales,Lessoniaceae,postelsia,palmaeformis,
NC_RockyIt,pugettia spp,,,,,Animalia,Arthropoda,Malacostraca,Decapoda,Epialtidae,pugettia,spp,
NC_RockyIt,pycnopodia helianthoides,,,,,Animalia,Echinodermata,Asteroidea,Forcipulatida,Asteriidae,pycnopodia,helianthoides,
NC_RockyIt,Rock,,,,,,,,,,,,
NC_RockyIt,Sand,,,,,,,,,,,,
NC_RockyIt,strongylocentrotus franciscanus,,,,,,Animalia,Echinodermata,Echinoidea,Strongylocentrotidae,strongylocentrotus,franciscanus,
NC_RockyIt,strongylocentrotus purpuratus,,,,,Animalia,Echinodermata,Echinoidea,Echinoida,Strongylocentrotidae,strongylocentrotus,purpuratus,
NC_RockyIt,tegula aureotincta,,,,,Animalia,Mollusca,Gastropoda,Archaeogastropoda,Trochidae,tegula,aureotincta,
NC_RockyIt,tegula brunnea,,,,,Animalia,Mollusca,Gastropoda,Archaeogastropoda,Trochidae,tegula,brunnea,
NC_RockyIt,tegula eiseni,,,,,Animalia,Mollusca,Gastropoda,Archaeogastropoda,Trochidae,tegula,eiseni,
NC_RockyIt,tegula funebralis,,,,,Animalia,Mollusca,Gastropoda,Archaeogastropoda,Trochidae,tegula,funebralis,
NC_RockyIt,tegula gallina,,,,,Animalia,Mollusca,Gastropoda,Archaeogastropoda,Trochidae,tegula,gallina,
NC_RockyIt,Tetraclita rubescens,,,,,Animalia,Arthropoda,Maxillopoda,Sessilia,Tetraclitidae,tetraclita,rubescens,
NC_RockyIt,tonicella spp,,,,,Animalia,Mollusca,Polyplacophora,Neoloricata,Ischnochitonidae,tonicella,spp,added 05/09 b/c of high abundance in WA
NC_RockyIt,acanthina spp,,,,,Animalia,Mollusca,Gastropoda,Neogastropoda,Muricidae,acanthinucella,spp,
NC_RockyIt,Balanus,,,,,Animalia,Arthropoda,Maxillopoda,Sessilia,Balanidae,balanus,glandula,
NC_RockyIt,Byssal threads,,,,,,,,,,,,attached byssal threads from Mytilus spp.
NC_RockyIt,chthamalus dalli/fissus,,,,,Animalia,Arthropoda,Maxillopoda,Sessilia,Chthamaloidea,chthamalus,dalli/fissus,
NC_RockyIt,chthamalus dalli-dead,,,,,Animalia,Arthropoda,Maxillopoda,Sessilia,Chthamaloidea,chthamalus,dalli/fissus,
NC_RockyIt,Cladophora spp.,,,,,Plantae,Chlorophyta,Ulvophyceae,Cladophorales,Cladophoraceae,cladophora,,
NC_RockyIt,cryptopleura/hymenena spp,,,,,Plantae,Rhodophyta,Florideophyceae,Ceramiales,Delesseriaceae,cryptopleura/hymenena,spp,
NC_RockyIt,Dead balanus,,,,,Animalia,Arthropoda,Maxillopoda,Sessilia,Balanidae,balanus,glandula,
NC_RockyIt,Endocladia,,,,,Plantae,Rhodophyta,Rhodophyceae,Cryptonemiales,Endocladiaceae,endocladia,muricata,
NC_RockyIt,Filamentous red ,,,,,Plantae,Rhodophyta,Rhodophyceae,,,,,"Red filamentous algae that can't be Ided but may include Polysiphonia, Caithamnion, etc."
NC_RockyIt,Fucus distichus,,,,,Plantae,Heterokontophyta,Phaeophyceae,Fucales,Fucaceae,fucus,distichus,
NC_RockyIt,Laminaria,,,,,Plantae,Heterokontophyta,Phaeophyceae,Laminariales,Laminariaceae,Laminaria,spp,
NC_RockyIt,lepidochitona hartwegii,,,,,Animalia,Mollusca,Polyplacophora,Neoloricata,Lepidochitonidae,lepidochitona,hartwegii,
NC_RockyIt,Limpet,,,,,Animalia,Mollusca,,,,,,
NC_RockyIt,limpets over 15 mm in size on any substrate/organism,,,,,Animalia,Mollusca,,,,,,consolidated large limpets (except for Lottia gigantea) on rock/mussel as of 10/2008. Removed separate CSUF limpet categories by species as of 11/2008 - they will lump to LIMPLG from now on. Lottia gigantea is recorded separately.
NC_RockyIt,Littorine,,,,,Animalia,Mollusca,Gastropoda,Neotaenioglossa,Littorinidae,littorina,,
NC_RockyIt,Mazzaella spp.,,,,,Plantae,Rhodophyta,Rhodophyceae,Gigartinales,Gigartinaceae,mazzaella,spp,
NC_RockyIt,Mytilus,,,,,Animalia,Mollusca,Bivalvia,Mytiloida,Mytilidae,mytilus,californianus,
NC_RockyIt,Mytilus-dead,,,,,Animalia,Mollusca,Bivalvia,Mytiloida,Mytilidae,mytilus,californianus,
NC_RockyIt,Nucella,,,,,Animalia,Mollusca,Gastropoda,Neogastropoda,Muricidae,nucella,spp,
NC_RockyIt,Odanthalia,,,,,Plantae,Rhodophyta,Rhodophyceae,Ceramiales,Rhodomelaceae,odonthalia,spp,
NC_RockyIt,Phragmatopoma spp.,,,,,Animalia,Annelida,Polychaeta,Canalipalpata,Sabellariidae,,,Any sand tube building worm
NC_RockyIt,Phyllospadix spp.,,,,,Plantae,Magnoliophyta,Liliopsida,Najadales,Zosteraceae,phyllospadix,spp.,
NC_RockyIt,Pollicipes,,,,,Animalia,Arthropoda,Maxillopoda,Pedunculata,Pollicipedidae,pollicipes,polymerus,
NC_RockyIt,Porphyra spp.,,,,,Plantae,Rhodophyta,Rhodophyceae,Bangiales,Bangiaceae,porphyra,spp,
NC_RockyIt,Postelsia,,,,,Plantae,Heterokontophyta,Phaeophyceae,Laminariales,Lessoniaceae,postelsia,palmaeformis,
NC_RockyIt,Prionitis spp.,,,,,Plantae,Rhodophyta,Rhodophyceae,Cryptonemiales,Cryptonemiaceae,prionitis,spp,
NC_RockyIt,Semibalanus,,,,,Animalia,Arthropoda,Maxillopoda,Sessilia,Archaeobalanidae,semibalanus,cariosus,
NC_RockyIt,Semibalanus-dead,,,,,Animalia,Arthropoda,Maxillopoda,Sessilia,Archaeobalanidae,semibalanus,cariosus,
NC_RockyIt,Sponge,,,,,Animalia,Porifera,,,,,,
NC_RockyIt,Terrestrial debris,,,,,,,,,,,,Any land plant that has drifted onto plot
NC_RockyIt,Ulva spp.,,,,,Plantae,Chlorophyta,Ulvophyceae,Ulotrichaels,Ulvaceae,ulva,spp,
NC_RockyIt,Wormtube,,,,,Animalia,Annelida,Polychaeta,Canalipalpata,Sabellariidae,,,